CREATE TABLE ARTISTAS 
( 
    NOMBRE_ARTISTA VARCHAR (255) NOT NULL, 
    CONOCIDO VARCHAR (255), 
    DIRECCION_ARTISTA VARCHAR (255), 
    TELEFONO_ARTISTA              INTEGER, 
    NUMERO_REGISTRO_CONTRIBUYENTE INTEGER 
);

ALTER TABLE ARTISTAS ADD CONSTRAINT ARTISTAS_PK PRIMARY KEY (NOMBRE_ARTISTA);

CREATE TABLE ARTISTA_ENTREVISTA 
( 
  ID_ARTISTA_ENTREVISTA INTEGER NOT NULL, 
  FECHA_ENTREVISTA      DATE, 
  NOMBRE_ENTREVISTADOR VARCHAR (255), 
  NOMBRE_ARTISTA VARCHAR (255) NOT NULL 
);

ALTER TABLE ARTISTA_ENTREVISTA ADD CONSTRAINT ARTISTA_ENTREVISTA_PK PRIMARY KEY (ID_ARTISTA_ENTREVISTA);

CREATE TABLE ARTISTA_TOTALES_VENTAS 
( 
  ID_TOTALES                 INTEGER NOT NULL, 
  FECHA_ANIO_TOTALES_VENTAS  INTEGER, 
  TOTAL_VENTAS_ANUAL         INTEGER, 
  TOTAL_VENTAS_ANIO_ANTERIOR INTEGER, 
  NOMBRE_ARTISTA VARCHAR (255) NOT NULL 
);

ALTER TABLE ARTISTA_TOTALES_VENTAS ADD CONSTRAINT ARTISTA_TOTALES_VENTAS_PK PRIMARY KEY (ID_TOTALES);

CREATE TABLE ARTISTA_VENTAS 
( 
  ID_ARTISTA_VENTAS INTEGER NOT NULL, 
  CHEQUE            INTEGER, 
  COMPROBANTE_PAGO  INTEGER, 
  NOMBRE_ARTISTA VARCHAR (255) NOT NULL 
);

ALTER TABLE ARTISTA_VENTAS ADD CONSTRAINT ARTISTA_VENTAS_PK PRIMARY KEY (ID_ARTISTA_VENTAS);

CREATE TABLE CLIENTE_COMPRADOR 
( 
    RUN_CLIENTE VARCHAR (255) NOT NULL, 
    NOMBRE_CLIENTE VARCHAR (255), 
    DIRECCION_CLIENTE VARCHAR (255), 
    TELEFONO_CLIENTE VARCHAR (255), 
    CORREO_ELECTRONICO_CLIENTE VARCHAR (255), 
    RECIBO INTEGER 
);

ALTER TABLE CLIENTE_COMPRADOR ADD CONSTRAINT CLIENTE_COMPRADOR_PK PRIMARY KEY (RUN_CLIENTE);

CREATE TABLE CLIENTES_TOTALES 
( 
  ID_CLIENTES_TOTALES         INTEGER NOT NULL, 
  FECHA_ANIO_CLIENTES_COMPRAS INTEGER, 
  TOTAL_COMPRAS_ANIO_PASADO   INTEGER, 
  TOTAL_COMPRAS_A_LA_FECHA    INTEGER, 
  RUN_CLIENTE VARCHAR (255) NOT NULL 
);

ALTER TABLE CLIENTES_TOTALES ADD CONSTRAINT CLIENTES_TOTALES_PK PRIMARY KEY (ID_CLIENTES_TOTALES);

CREATE TABLE COLECCIONISTAS 
( 
    NOMBRE_COLECCIONISTA VARCHAR (255) NOT NULL, 
    DIRECCION_COLECCIONISTA VARCHAR (255), 
    NOMBRE_ARTISTA VARCHAR (255) NOT NULL 
);

ALTER TABLE COLECCIONISTAS ADD CONSTRAINT COLECCIONISTAS_PK PRIMARY KEY (NOMBRE_COLECCIONISTA);

CREATE TABLE CONTACTA 
( 
    ID_CONTACTA INTEGER NOT NULL, 
    NOMBRE_POTENCIALES_CLIENTES VARCHAR (255) NOT NULL, 
    TITULO_EXPOSICION VARCHAR (255) NOT NULL, 
    FECHA_CONTACTO DATE 
);

ALTER TABLE CONTACTA ADD CONSTRAINT CONTACTA_PK PRIMARY KEY (ID_CONTACTA);

CREATE TABLE EXPOSICIONES 
( 
    TITULO_EXPOSICION VARCHAR (255) NOT NULL, 
    FECHA_INICIO_EXPOSICION VARCHAR (255), 
    FECHA_TERMINO_EXPOSICION VARCHAR (255), 
    TEMA_EXPOSICION VARCHAR (255), 
    TIPO_EXPOSICION VARCHAR (255), 
    NOMBRE_ARTISTA_DESTACADO VARCHAR (255), 
    NOMBRE_ARTISTA VARCHAR (255) NOT NULL 
);

ALTER TABLE EXPOSICIONES ADD CONSTRAINT EXPOSICIONES_PK PRIMARY KEY (TITULO_EXPOSICION);

CREATE TABLE OBRAS_ARTE 
( 
    NOMBRE_ARTISTA VARCHAR (255) NOT NULL, 
    TITULO_OBRA VARCHAR (255) NOT NULL, 
    ANIO_CREACION INTEGER, 
    TIPO VARCHAR (255), 
    MEDIO VARCHAR (255), 
    ESTILO VARCHAR (255), 
    TAMANIO VARCHAR (255), 
    ESTADO VARCHAR (255), 
    PRECIO_SOLICITADO INTEGER, 
    NOMBRE_COLECCIONISTA VARCHAR (255) NOT NULL 
);

ALTER TABLE OBRAS_ARTE ADD CONSTRAINT OBRAS_ARTE_PK PRIMARY KEY (NOMBRE_ARTISTA, TITULO_OBRA);

CREATE TABLE POTENCIALES_CLIENTES 
( 
    NOMBRE_POTENCIALES_CLIENTES VARCHAR (255) NOT NULL, 
    DIRECCION_POTENCIALES_CLIENTES VARCHAR (255), 
    CORREO_ELECTRONICO VARCHAR (255), 
    PREFERENCIAS VARCHAR (255) 
);

ALTER TABLE POTENCIALES_CLIENTES ADD CONSTRAINT POTENCIALES_CLIENTES_PK PRIMARY KEY (NOMBRE_POTENCIALES_CLIENTES);

CREATE TABLE SE_EXHIBE 
( 
    ID_SE_EXHIBE INTEGER NOT NULL, 
    NOMBRE_ARTISTA VARCHAR (255) NOT NULL, 
    TITULO_OBRA VARCHAR (255) NOT NULL, 
    TITULO_EXPOSICION VARCHAR (255) NOT NULL, 
    NUMERO_VENTA INTEGER NOT NULL 
);

ALTER TABLE SE_EXHIBE ADD CONSTRAINT SE_EXHIBE_PK PRIMARY KEY (ID_SE_EXHIBE);

CREATE TABLE VENDEDOR 
( 
    RUN_VENDEDOR VARCHAR (255) NOT NULL, 
    NOMBRE_VENDEDOR VARCHAR (255), 
    DIRECCION_VENDEDOR VARCHAR (255) 
);

ALTER TABLE VENDEDOR ADD CONSTRAINT VENDEDOR_PK PRIMARY KEY (RUN_VENDEDOR);

CREATE TABLE VENTA 
( 
    NUMERO_VENTA INTEGER NOT NULL, 
    FECHA_VENTA  DATE, 
    DESCRIPCION_VENTA VARCHAR (255), 
    PRECIO_VENTA_FINAL INTEGER, 
    PORCENTAJE_COMISION FLOAT, 
    COMISION    INTEGER, 
    VENTA_FINAL INTEGER, 
    NOMBRE_COLECCIONISTA VARCHAR (255) NOT NULL, 
    RUN_VENDEDOR VARCHAR (255) NOT NULL, 
    RUN_CLIENTE VARCHAR (255) NOT NULL 
);

ALTER TABLE VENTA ADD CONSTRAINT VENTA_PK PRIMARY KEY (NUMERO_VENTA);

ALTER TABLE ARTISTA_ENTREVISTA ADD CONSTRAINT ARTISTA_ENTREVISTA_ARTISTAS_FK  
FOREIGN KEY (NOMBRE_ARTISTA) 
REFERENCES ARTISTAS (NOMBRE_ARTISTA)
ON DELETE CASCADE;

ALTER TABLE ARTISTA_TOTALES_VENTAS ADD CONSTRAINT ARTISTA_TOTALES_VENTAS_ARTISTAS_FK  
FOREIGN KEY (NOMBRE_ARTISTA) 
REFERENCES ARTISTAS (NOMBRE_ARTISTA)
ON DELETE CASCADE;

ALTER TABLE ARTISTA_VENTAS ADD CONSTRAINT ARTISTA_VENTAS_ARTISTAS_FK  
FOREIGN KEY (NOMBRE_ARTISTA) 
REFERENCES ARTISTAS (NOMBRE_ARTISTA)
ON DELETE CASCADE;

ALTER TABLE CLIENTES_TOTALES ADD CONSTRAINT CLIENTES_TOTALES_CLIENTE_COMPRADOR_FK  
FOREIGN KEY (RUN_CLIENTE) 
REFERENCES CLIENTE_COMPRADOR (RUN_CLIENTE)
ON DELETE CASCADE;

ALTER TABLE COLECCIONISTAS ADD CONSTRAINT COLECCIONISTAS_ARTISTAS_FK  
FOREIGN KEY (NOMBRE_ARTISTA) 
REFERENCES ARTISTAS (NOMBRE_ARTISTA)
ON DELETE CASCADE;

ALTER TABLE CONTACTA ADD CONSTRAINT CONTACTA_EXPOSICIONES_FK  
FOREIGN KEY (NOMBRE_POTENCIALES_CLIENTES) 
REFERENCES POTENCIALES_CLIENTES (NOMBRE_POTENCIALES_CLIENTES)
ON DELETE CASCADE;

ALTER TABLE CONTACTA ADD CONSTRAINT CONTACTA_POTENCIALES_CLIENTES_FK  
FOREIGN KEY (TITULO_EXPOSICION) 
REFERENCES EXPOSICIONES (TITULO_EXPOSICION)
ON DELETE CASCADE;

ALTER TABLE EXPOSICIONES ADD CONSTRAINT EXPOSICIONES_ARTISTAS_FK  
FOREIGN KEY (NOMBRE_ARTISTA) 
REFERENCES ARTISTAS (NOMBRE_ARTISTA)
ON DELETE CASCADE;

ALTER TABLE OBRAS_ARTE ADD CONSTRAINT OBRAS_ARTE_ARTISTAS_FK  
FOREIGN KEY (NOMBRE_ARTISTA) 
REFERENCES ARTISTAS (NOMBRE_ARTISTA)
ON DELETE CASCADE;

ALTER TABLE OBRAS_ARTE ADD CONSTRAINT OBRAS_ARTE_COLECCIONISTAS_FK  
FOREIGN KEY (NOMBRE_COLECCIONISTA) 
REFERENCES COLECCIONISTAS (NOMBRE_COLECCIONISTA)
ON DELETE CASCADE;

ALTER TABLE SE_EXHIBE ADD CONSTRAINT SE_EXHIBE_EXPOSICIONES_FK  
FOREIGN KEY (TITULO_EXPOSICION)  
REFERENCES EXPOSICIONES (TITULO_EXPOSICION)
ON DELETE CASCADE;

ALTER TABLE SE_EXHIBE ADD CONSTRAINT SE_EXHIBE_OBRAS_ARTE_FK  
FOREIGN KEY (NOMBRE_ARTISTA, TITULO_OBRA) 
REFERENCES OBRAS_ARTE (NOMBRE_ARTISTA, TITULO_OBRA)
ON DELETE CASCADE;

ALTER TABLE SE_EXHIBE ADD CONSTRAINT SE_EXHIBE_VENTA_FK  
FOREIGN KEY (NUMERO_VENTA) 
REFERENCES VENTA (NUMERO_VENTA)
ON DELETE CASCADE;

ALTER TABLE VENTA ADD CONSTRAINT VENTA_CLIENTE_COMPRADOR_FK  
FOREIGN KEY (RUN_CLIENTE) 
REFERENCES CLIENTE_COMPRADOR (RUN_CLIENTE)
ON DELETE CASCADE;

ALTER TABLE VENTA ADD CONSTRAINT VENTA_COLECCIONISTAS_FK  
FOREIGN KEY (NOMBRE_COLECCIONISTA) 
REFERENCES COLECCIONISTAS (NOMBRE_COLECCIONISTA)
ON DELETE CASCADE;

ALTER TABLE VENTA ADD CONSTRAINT VENTA_VENDEDOR_FK  
FOREIGN KEY (RUN_VENDEDOR)  
REFERENCES VENDEDOR (RUN_VENDEDOR)
ON DELETE CASCADE;



INSERT INTO ARTISTAS (NOMBRE_ARTISTA, CONOCIDO, DIRECCION_ARTISTA, TELEFONO_ARTISTA, NUMERO_REGISTRO_CONTRIBUYENTE) VALUES ('Leonardo da Vinci', 'Si', 'Museo Louvre en Paris', NULL, '1');

INSERT INTO ARTISTAS (NOMBRE_ARTISTA, CONOCIDO, DIRECCION_ARTISTA, TELEFONO_ARTISTA, NUMERO_REGISTRO_CONTRIBUYENTE) VALUES ('Pablo Picasso', 'Si', 'Museo Nacional Centro de Arte Reina Sofia, Madrid, Espana', NULL, '2');

INSERT INTO ARTISTAS (NOMBRE_ARTISTA, CONOCIDO, DIRECCION_ARTISTA, TELEFONO_ARTISTA, NUMERO_REGISTRO_CONTRIBUYENTE) VALUES ('Vincent Van Gogh', 'Si', 'Museo de Arte Moderno, Nueva York, USA', NULL, '3');

INSERT INTO ARTISTA_ENTREVISTA (ID_ARTISTA_ENTREVISTA, FECHA_ENTREVISTA, NOMBRE_ENTREVISTADOR, NOMBRE_ARTISTA) VALUES ('1', TO_DATE('2020-04-17 10:26:21', 'YYYY-MM-DD HH24:MI:SS'), 'ALAN BRITO', 'Leonardo da Vinci');

INSERT INTO ARTISTA_ENTREVISTA (ID_ARTISTA_ENTREVISTA, FECHA_ENTREVISTA, NOMBRE_ENTREVISTADOR, NOMBRE_ARTISTA) VALUES ('2', TO_DATE('2020-04-16 10:27:28', 'YYYY-MM-DD HH24:MI:SS'), 'ALAN BRITO', 'Pablo Picasso');

INSERT INTO ARTISTA_ENTREVISTA (ID_ARTISTA_ENTREVISTA, FECHA_ENTREVISTA, NOMBRE_ENTREVISTADOR, NOMBRE_ARTISTA) VALUES ('3', TO_DATE('2020-04-15 11:31:30', 'YYYY-MM-DD HH24:MI:SS'), 'ALAN BRITO', 'Vincent Van Gogh');

INSERT INTO ARTISTA_TOTALES_VENTAS (ID_TOTALES, FECHA_ANIO_TOTALES_VENTAS, TOTAL_VENTAS_ANUAL, TOTAL_VENTAS_ANIO_ANTERIOR, NOMBRE_ARTISTA) VALUES ('1', '2020', '300', '500', 'Leonardo da Vinci');

INSERT INTO ARTISTA_TOTALES_VENTAS (ID_TOTALES, FECHA_ANIO_TOTALES_VENTAS, TOTAL_VENTAS_ANUAL, TOTAL_VENTAS_ANIO_ANTERIOR, NOMBRE_ARTISTA) VALUES ('2', '2020', '10', '150', 'Pablo Picasso');

INSERT INTO ARTISTA_TOTALES_VENTAS (ID_TOTALES, FECHA_ANIO_TOTALES_VENTAS, TOTAL_VENTAS_ANUAL, TOTAL_VENTAS_ANIO_ANTERIOR, NOMBRE_ARTISTA) VALUES ('3', '2020', '500', '1200', 'Vincent Van Gogh');

INSERT INTO ARTISTA_VENTAS (ID_ARTISTA_VENTAS, CHEQUE, COMPROBANTE_PAGO, NOMBRE_ARTISTA) VALUES ('1', '1', '1', 'Leonardo da Vinci');

INSERT INTO ARTISTA_VENTAS (ID_ARTISTA_VENTAS, CHEQUE, COMPROBANTE_PAGO, NOMBRE_ARTISTA) VALUES ('2', '2', '2', 'Pablo Picasso');

INSERT INTO ARTISTA_VENTAS (ID_ARTISTA_VENTAS, CHEQUE, COMPROBANTE_PAGO, NOMBRE_ARTISTA) VALUES ('3', '3', '3', 'Vincent Van Gogh');

INSERT INTO CLIENTE_COMPRADOR (RUN_CLIENTE, NOMBRE_CLIENTE, DIRECCION_CLIENTE, TELEFONO_CLIENTE, CORREO_ELECTRONICO_CLIENTE, RECIBO) VALUES ('11.111.111-1', 'Dolores Cabeza', 'Avenida Siempre Viva', '111111111', 'dolores.cabeza@challa.cl', '1');

INSERT INTO CLIENTE_COMPRADOR (RUN_CLIENTE, NOMBRE_CLIENTE, DIRECCION_CLIENTE, TELEFONO_CLIENTE, CORREO_ELECTRONICO_CLIENTE, RECIBO) VALUES ('22.222.222-2', 'Armando Meza', 'Wallaby P. Sherman N. 42', '222222222', 'armando.meza@challa.cl', '2');

INSERT INTO CLIENTE_COMPRADOR (RUN_CLIENTE, NOMBRE_CLIENTE, DIRECCION_CLIENTE, TELEFONO_CLIENTE, CORREO_ELECTRONICO_CLIENTE, RECIBO) VALUES ('33.333.333-3', 'Gasparin Blanco', 'La Comarca S/N', '333333333', 'gasparin.blanco@challa.cl', '3');

INSERT INTO CLIENTES_TOTALES (ID_CLIENTES_TOTALES, FECHA_ANIO_CLIENTES_COMPRAS, TOTAL_COMPRAS_ANIO_PASADO, TOTAL_COMPRAS_A_LA_FECHA, RUN_CLIENTE) VALUES ('1', '2020', '100', '10', '11.111.111-1');

INSERT INTO CLIENTES_TOTALES (ID_CLIENTES_TOTALES, FECHA_ANIO_CLIENTES_COMPRAS, TOTAL_COMPRAS_ANIO_PASADO, TOTAL_COMPRAS_A_LA_FECHA, RUN_CLIENTE) VALUES ('2', '2020', '50', '5', '22.222.222-2');

INSERT INTO CLIENTES_TOTALES (ID_CLIENTES_TOTALES, FECHA_ANIO_CLIENTES_COMPRAS, TOTAL_COMPRAS_ANIO_PASADO, TOTAL_COMPRAS_A_LA_FECHA, RUN_CLIENTE) VALUES ('3', '2020', '200', '20', '33.333.333-3');

INSERT INTO VENDEDOR (RUN_VENDEDOR, NOMBRE_VENDEDOR, DIRECCION_VENDEDOR) VALUES ('00.000.000-0', 'Aquiles Baeza', 'Privet Drive N. 4');

INSERT INTO VENDEDOR (RUN_VENDEDOR, NOMBRE_VENDEDOR, DIRECCION_VENDEDOR) VALUES ('99.999.999-9', 'Armando Mocha', 'La Comarca S/N.');

INSERT INTO VENDEDOR (RUN_VENDEDOR, NOMBRE_VENDEDOR, DIRECCION_VENDEDOR) VALUES ('88.888.888-8', 'Esteban Dido', 'Bake Street 221B');

INSERT INTO POTENCIALES_CLIENTES (NOMBRE_POTENCIALES_CLIENTES, DIRECCION_POTENCIALES_CLIENTES, CORREO_ELECTRONICO, PREFERENCIAS) VALUES ('Susana Orio', 'Grimmauld Place 12', 'susana.orio@challa.cl', 'Pinturas');

INSERT INTO POTENCIALES_CLIENTES (NOMBRE_POTENCIALES_CLIENTES, DIRECCION_POTENCIALES_CLIENTES, CORREO_ELECTRONICO, PREFERENCIAS) VALUES ('Aquiles Brinco', 'Windsor Gardens 32', 'aquiles.brinco@challa.cl', 'Pinturas');

INSERT INTO POTENCIALES_CLIENTES (NOMBRE_POTENCIALES_CLIENTES, DIRECCION_POTENCIALES_CLIENTES, CORREO_ELECTRONICO, PREFERENCIAS) VALUES ('Sole Dolio', '31 Spooner Street.', 'sole.dolio@challa.cl', 'Pinturas');

INSERT INTO EXPOSICIONES (TITULO_EXPOSICION, FECHA_INICIO_EXPOSICION, FECHA_TERMINO_EXPOSICION, TEMA_EXPOSICION, TIPO_EXPOSICION, NOMBRE_ARTISTA_DESTACADO, NOMBRE_ARTISTA) VALUES ('Lo mejor del arte', TO_DATE('2018-04-19','YYYY-MM-DD'), TO_DATE('2019-04-19','YYYY-MM-DD'), 'Grandes obras de arte', 'Pinturas', 'Leonardo da Vinci', 'Leonardo da Vinci');

INSERT INTO EXPOSICIONES (TITULO_EXPOSICION, FECHA_INICIO_EXPOSICION, FECHA_TERMINO_EXPOSICION, TEMA_EXPOSICION, TIPO_EXPOSICION, NOMBRE_ARTISTA_DESTACADO, NOMBRE_ARTISTA) VALUES ('Lo mejor del arte II', TO_DATE('2019-04-19','YYYY-MM-DD'), TO_DATE('2020-04-19','YYYY-MM-DD'), 'Grandes obras de arte', 'Pinturas', 'Vincent Van Gogh', 'Vincent Van Gogh');

INSERT INTO EXPOSICIONES (TITULO_EXPOSICION, FECHA_INICIO_EXPOSICION, FECHA_TERMINO_EXPOSICION, TEMA_EXPOSICION, TIPO_EXPOSICION, NOMBRE_ARTISTA_DESTACADO, NOMBRE_ARTISTA) VALUES ('Lo mejor del arte III', TO_DATE('2020-04-19','YYYY-MM-DD'), TO_DATE('2021-04-19','YYYY-MM-DD'), 'Grandes obras de arte', 'Pinturas', 'Pablo Picasso', 'Pablo Picasso');

INSERT INTO CONTACTA (ID_CONTACTA, NOMBRE_POTENCIALES_CLIENTES, TITULO_EXPOSICION, FECHA_CONTACTO) VALUES ('1', 'Aquiles Brinco', 'Lo mejor del arte III', TO_DATE('2020-04-05 12:30:31', 'YYYY-MM-DD HH24:MI:SS'));

INSERT INTO CONTACTA (ID_CONTACTA, NOMBRE_POTENCIALES_CLIENTES, TITULO_EXPOSICION, FECHA_CONTACTO) VALUES ('2', 'Sole Dolio', 'Lo mejor del arte III', TO_DATE('2020-04-06 12:23:33', 'YYYY-MM-DD HH24:MI:SS'));

INSERT INTO CONTACTA (ID_CONTACTA, NOMBRE_POTENCIALES_CLIENTES, TITULO_EXPOSICION, FECHA_CONTACTO) VALUES ('3', 'Susana Orio', 'Lo mejor del arte III', TO_DATE('2020-04-14 10:34:29', 'YYYY-MM-DD HH24:MI:SS'));

INSERT INTO COLECCIONISTAS (NOMBRE_COLECCIONISTA, DIRECCION_COLECCIONISTA, NOMBRE_ARTISTA) VALUES ('Museo Nacional Centro de Arte Reina Sofia, Madrid, Espana', 'Madrid, Espana', 'Pablo Picasso');

INSERT INTO COLECCIONISTAS (NOMBRE_COLECCIONISTA, DIRECCION_COLECCIONISTA, NOMBRE_ARTISTA) VALUES ('Christian Villamil', 'Las Vegas, Nevada, USA.', 'Pablo Picasso');

INSERT INTO COLECCIONISTAS (NOMBRE_COLECCIONISTA, DIRECCION_COLECCIONISTA, NOMBRE_ARTISTA) VALUES ('Museo del Louvre, Paris, Francia', 'Paris, Francia', 'Leonardo da Vinci');

INSERT INTO OBRAS_ARTE (NOMBRE_ARTISTA, TITULO_OBRA, ANIO_CREACION, TIPO, MEDIO, ESTILO, TAMANIO, ESTADO, PRECIO_SOLICITADO, NOMBRE_COLECCIONISTA) VALUES ('Pablo Picasso', 'Guernica', '1937', 'Pintura', 'Oleo', 'Cubismo', '776,6 cm × 349,3 cm', 'Disponible', '150000', 'Museo Nacional Centro de Arte Reina Sofia, Madrid, Espana');

INSERT INTO OBRAS_ARTE (NOMBRE_ARTISTA, TITULO_OBRA, ANIO_CREACION, TIPO, MEDIO, ESTILO, TAMANIO, ESTADO, PRECIO_SOLICITADO, NOMBRE_COLECCIONISTA) VALUES ('Pablo Picasso', 'El sueno', '1932', 'Pintura', 'Oleo', 'Surrealista', '130cm × 97cm', 'Coleccion privada', '155000', 'Christian Villamil');

INSERT INTO OBRAS_ARTE (NOMBRE_ARTISTA, TITULO_OBRA, ANIO_CREACION, TIPO, MEDIO, ESTILO, TAMANIO, ESTADO, PRECIO_SOLICITADO, NOMBRE_COLECCIONISTA) VALUES ('Pablo Picasso', 'Retrato de Dora Maar', '1939', 'Pintura', 'Oleo', 'Cubismo', '60cm x 45cm', 'Disponible', '100000', 'Museo Nacional Centro de Arte Reina Sofia, Madrid, Espana');

INSERT INTO VENTA (NUMERO_VENTA, FECHA_VENTA, DESCRIPCION_VENTA, PRECIO_VENTA_FINAL, PORCENTAJE_COMISION, COMISION, VENTA_FINAL, NOMBRE_COLECCIONISTA, RUN_VENDEDOR, RUN_CLIENTE) VALUES ('1', TO_DATE('2020-04-20 12:24:49', 'YYYY-MM-DD HH24:MI:SS'), 'Compra de pintura', '190000', '11', '20900', '210900', 'Christian Villamil', '00.000.000-0', '11.111.111-1');

INSERT INTO VENTA (NUMERO_VENTA, FECHA_VENTA, DESCRIPCION_VENTA, PRECIO_VENTA_FINAL, PORCENTAJE_COMISION, COMISION, VENTA_FINAL, NOMBRE_COLECCIONISTA, RUN_VENDEDOR, RUN_CLIENTE) VALUES ('2', TO_DATE('2020-04-20 13:22:34', 'YYYY-MM-DD HH24:MI:SS'), 'Compra de pintura', '200000', '12', '40000', '240000', 'Museo Nacional Centro de Arte Reina Sofia, Madrid, Espana', '00.000.000-0', '11.111.111-1');

INSERT INTO VENTA (NUMERO_VENTA, FECHA_VENTA, DESCRIPCION_VENTA, PRECIO_VENTA_FINAL, PORCENTAJE_COMISION, COMISION, VENTA_FINAL, NOMBRE_COLECCIONISTA, RUN_VENDEDOR, RUN_CLIENTE) VALUES ('3', TO_DATE('2020-04-21 15:40:35', 'YYYY-MM-DD HH24:MI:SS'), 'Compra de pintura', '210000', '11', '23100', '233100', 'Museo Nacional Centro de Arte Reina Sofia, Madrid, Espana', '00.000.000-0', '11.111.111-1');

INSERT INTO SE_EXHIBE (ID_SE_EXHIBE, NOMBRE_ARTISTA, TITULO_OBRA, TITULO_EXPOSICION, NUMERO_VENTA) VALUES ('1', 'Pablo Picasso', 'El sueno', 'Lo mejor del arte III', '1');

INSERT INTO SE_EXHIBE (ID_SE_EXHIBE, NOMBRE_ARTISTA, TITULO_OBRA, TITULO_EXPOSICION, NUMERO_VENTA) VALUES ('2', 'Pablo Picasso', 'Guernica', 'Lo mejor del arte III', '2');

INSERT INTO SE_EXHIBE (ID_SE_EXHIBE, NOMBRE_ARTISTA, TITULO_OBRA, TITULO_EXPOSICION, NUMERO_VENTA) VALUES ('3', 'Pablo Picasso', 'Retrato de Dora Maar', 'Lo mejor del arte III', '3');

